{"seq_len": 24, "features": ["IRRADIATION", "AMBIENT_TEMPERATURE", "MODULE_TEMPERATURE", "HOUR", "AC_POWER"], "mae": 0.15023223988314682, "r2": 0.9373469170388223}