{"max_irradiation": 0.9232815132333333, "max_ac_power": 25578.894046549998, "features": ["IRRADIATION", "AMBIENT_TEMPERATURE", "MODULE_TEMPERATURE", "HOUR"], "mae": 485.91712549935914, "r2": 0.9905509132640332}