{
  "IRRADIATION": 0.40671713833333334,
  "AMBIENT_TEMPERATURE": 27.56530456666667,
  "MODULE_TEMPERATURE": 39.6045532,
  "DC_POWER": 127155.79166650001,
  "AC_POWER": 12459.2014881
}
